{
  "name": "AsyncElegantOTA",
  "keywords": "AsyncElegantOTA, OTA, Update, ESP8266, ESP32, Over, the, air",
  "description": "(Deprecated) Migrate to ElegantOTA v3. More info in repository README.",
  "repository":
  {
    "type": "git",
    "url": "https://github.com/ayushsharma82/AsyncElegantOTA.git"
  },
  "authors":
  [
    {
      "name": "Ayush Sharma",
      "email": "asrocks5@gmail.com",
      "maintainer": true
    }
  ],
  "version": "2.2.9",
  "frameworks": "arduino",
  "platforms": ["espressif8266", "espressif32"]
}
